<?xml version="1.0" encoding="utf-8"?>

<extension 	type="component" version="1.6.0" method="upgrade">
	<name>com_generic</name>
	<creationDate>June 2011</creationDate>
	<author>FakeAuthor</author>
	<authorEmail>FakeAuthor@example.com</authorEmail>
	<authorUrl>http://www.example.com</authorUrl>
	<copyright>Copyright (C) 2010-2011 FakeAuthor. All rights reserved.</copyright>
	<license>GNU General Public License version 2 or later</license>
	<version>1.0.0</version>
	<description>This component is a digital phone book created to show many of the important joomla features to create secure and functional components, part of the code and programming style have been taken from several joomla core components</description>

	<!-- Site Main File Copy Section -->
	<files folder="site">
		<folder>com_generic</folder>
	</files>

	<media destination="com_generic" folder="media">
		<folder>com_generic</folder>
	</media>
	
	<files folder="site">
		<folder>com_generic</folder>
	</files>
	
	<administration>
		<menu>Generic Example</menu>
		<files folder="admin">
			<folder>com_generic</folder>
		</files>
		
	</administration>
</extension>

